{"Antalya Alanya KARGICAK": [32.1368449, 36.455694], "Antalya Alanya MAHMUTLAR": [32.1025918, 36.4833504], "Antalya Alanya KESTEL": [32.0791645, 36.5082797], "Antalya Alanya AVSALLAR": [31.776846, 36.629749], "Mersin Akdeniz ABDULLAH \u015eAHUTO\u011eLU": [34.7104064, 36.8294584], "Mersin Akdeniz KAZANLI": [34.7537411, 36.8216924], "Mersin Akdeniz \u00d6ZG\u00dcRL\u00dcK": [34.6675601, 36.8233207], "Mersin Akdeniz YE\u015e\u0130L\u00c7\u0130MEN": [34.6720114, 36.841776], "Mersin Akdeniz \u00c7AY": [34.697026, 36.8351781], "Mersin Erdemli KIZKALES\u0130": [34.1439682, 36.4617243], "Mersin Mezitli \u0130ST\u0130KLAL": [34.4775059, 36.7236068], "Mersin Mezitli SEYMENL\u0130": [34.4600868, 36.7128568], "Mersin Silifke ARKUM": [34.0567814, 36.3502913], "Mersin Silifke S\u00d6K\u00dcN": [34.0095398, 36.3412826], "Mersin Silifke KURTULU\u015e": [34.0034629, 36.3354511], "Mersin Silifke PAZARKA\u015eI": [33.9242906, 36.3765087], "Mersin Tarsus KONAKLAR": [35.004395, 36.9495196], "Mersin Tarsus \u00c7ATALCA": [35.0115322, 36.808626], "Mersin Tarsus EGEMEN": [34.947945, 36.798843], "Mersin Tarsus KULAK": [34.872219, 36.792141], "Mersin Tarsus BAH\u015e\u0130\u015e": [34.884811, 36.823593], "Mersin Tarsus YE\u015e\u0130LTEPE": [34.8956625, 36.8471129], "Mersin Tarsus ATALAR": [34.852444, 36.853973], "Mersin Tarsus \u00c7\u00d6PL\u00dc": [35.0913931, 36.80235], "Mersin Tarsus KELAHMET": [34.979096, 36.818691], "Mersin Tarsus KARGILI": [35.0806637, 36.9362837], "Mersin Tarsus AKARSU": [34.968002, 36.852173], "Mersin Tarsus BAHARLI": [34.954464, 36.763786]}